id;name
157;Communication in Multiagent Systems
158;ACM National Conference
159;Discrete Mathematics in the Schools
160;Coding Theory and Applications
161;Language Engineering Conference
162;Ershov Informatics Conference
163;Dance Notations and Robot Motion
164;Plan, Activity, and Intent Recognition
165;Semantic Grid
166;Complexity of Constraints
167;TPDL Workshops
168;Computational Methods for SNPs and Haplotype Inference
169;Caring Machines
170;Mathematical Methods Of Analysis Of Biopolymer Sequences
171;Web Application Security
172;Information Visualization
173;Theories of Programming and Formal Methods
174;Fault-Tolerant Distributed Computing
175;Three-Dimensional Imaging, Interaction, and Measurement
176;Webmedia
